{
  "1": 0.022272,
  "2": 0.022711,
  "3": 0.023048,
  "4": 0.023333,
  "5": 0.023583,
  "6": 0.023809,
  "7": 0.024017,
  "8": 0.024211,
  "9": 0.024393,
  "10": 0.024565,
  "11": 0.024729,
  "12": 0.024885,
  "13": 0.025035,
  "14": 0.02518
}
