{"p10": -0.004491135307496458, "p90": 0.006206293056864396}