{"p10": -0.005309276679854477, "p90": 0.007213009823035773}